{
  "posts": [
    {
      "id": 6,
      "name": "aravindh",
      "email": "aravindh @gmail.com",
      "mobile": "78904544546",
      "address": "kadapa"
    },
    {
      "id": 4,
      "name": "Kamal jyothi Battula",
      "email": "bjyothi039@gmail.com",
      "mobile": "80191968599",
      "address": "13-3-27/2, Kommana Street, Ichapuram ,Andhra Pradesh(532312), Srikakulam District"
    },
    {
      "name": "kamal",
      "email": "k@12345",
      "mobile": "45654677",
      "password": "1234567886Q",
      "id": 10
    },
    {
      "name": "aswini",
      "email": "k@123",
      "mobile": "9797968",
      "password": "123456",
      "id": 12
    },
    {
      "name": "kam",
      "email": "k@123",
      "mobile": "92749547259",
      "password": "12345",
      "id": 13
    },
    {
      "name": "kam",
      "email": "k@123",
      "mobile": "92749547259",
      "password": "12345",
      "id": 14
    },
    {
      "name": "kamal",
      "email": "kamal@123",
      "mobile": "86766464",
      "password": "K@123",
      "id": 15
    },
    {
      "name": "kamal",
      "email": "kamal@123",
      "mobile": "86766464",
      "password": "K@123",
      "id": 16
    },
    {
      "name": "k",
      "email": "k@123",
      "mobile": "03904947964",
      "password": "12345",
      "id": 17
    },
    {
      "name": "k",
      "email": "k@123",
      "mobile": "03904947964",
      "password": "12345",
      "id": 18
    },
    {
      "name": "k",
      "email": "k@1234",
      "mobile": "546566",
      "password": "12345",
      "id": 19
    },
    {
      "name": "k",
      "email": "k@1234",
      "mobile": "546566",
      "password": "12345",
      "id": 20
    },
    {
      "name": "k",
      "email": "123@123",
      "mobile": "436564577",
      "password": "123456",
      "id": 21
    },
    {
      "name": "k",
      "email": "123@123",
      "mobile": "436564577",
      "password": "123456",
      "id": 22
    },
    {
      "name": "kam",
      "email": "k@123",
      "mobile": "4563667",
      "password": "123",
      "id": 23
    },
    {
      "name": "kam",
      "email": "k@123",
      "mobile": "4563667",
      "password": "123",
      "id": 24
    },
    {
      "id": 25,
      "name": "ara",
      "email": "ar@123",
      "mobile": "678890-",
      "address": "kap"
    },
    {
      "name": "aravind",
      "email": "aravind@123",
      "mobile": "123",
      "password": "123",
      "id": 26
    },
    {
      "name": "aravind",
      "email": "aravind@123",
      "mobile": "123",
      "password": "123",
      "id": 27
    },
    {
      "address": "ap",
      "department": "Project Lead",
      "email": "jhansi@gmail.com",
      "id": 28,
      "name": "jhansi",
      "salary": 2500
    },
    {
      "name": "Prat",
      "email": "prat@gmail.com",
      "mobile": "12313",
      "password": "123",
      "id": 29
    },
    {
      "name": "Prat",
      "email": "prat@gmail.com",
      "mobile": "12313",
      "password": "123",
      "id": 30
    }
  ],
  "admin": [
    {
      "id": 1,
      "food": "Salad",
      "tag": "Healthy ",
      "phone": "12345",
      "addres": "none"
    },
    {
      "id": 2,
      "food": "Salad",
      "tag": "Junk",
      "phone": "147924",
      "addres": "qwe"
    },
    {
      "id": 3,
      "food": "biryani",
      "tag": "Junk",
      "phone": "12234t3t3",
      "addres": "nckbbw"
    }
  ]
}